year,value
2023,79.61333333333333
2024,74.90333333333334
2025,70.11666666666666
2026,66.13
2027,62.73
2028,59.806666666666665
2029,56.715
2030,54.61
2031,52.885000000000005
